text,label
"Долго ждал, а в итоге пришёл брак, очень зол!",0
"Отличный товар, пришло быстро, всё работает как надо ...",1
"Прекрасная вещь, упаковано аккуратно, доставка быстрая ...",1
"Прекрасная вещь, упаковано аккуратно, доставка быстрая 👍",1
"Всё понравилось, никаких проблем, магазину доверяю.",1
"Ужасная упаковка, коробка мятая - зато сам чайник шикарный, беру второй",1
"Пожалел что купил, деньги потрачены зря",0
"Качество приятно удивило, лучше чем ожидала, жаль",1
"Развалился на второй день, не покупайте это 👎",0
"Худшая покупка за год, полное разочарование))",0
"Пришло битым, упаковка была вскрыта, кошмар.",0
"Спасибо продавцу, всё быстро и качественно!",1
"Пожалел что купил, деньги потрачены зря 👎",0
"Пришло раньше срока, состояние идеальное, очень рад 👎",1
"Пожалел что купил, деньги потрачены зря 👍",0
"Ужасное качество, сломался через неделю, деньги на ветер ...",0
"Верните средства, это невозможно использовать 👍",0
"Всё понравилось, никаких проблем, магазину доверяю))",1
"Отличное соотношение цены и качества, рекомендую",1
"Развалился на второй день, не покупайте это 👎",0
"Отвратительно, верните деньги, работать отказывается 👎",0
"Рекомендую! Соответствует описанию, продавцу спасибо",1
"Всё понравилось, никаких проблем, магазину доверяю!",1
"Рекомендую! Соответствует описанию, продавцу спасибо))",1
"Прекрасная вещь, упаковано аккуратно, доставка быстрая, спасибо",1
"Всё понравилось, никаких проблем, магазину доверяю.",1
"Пришло раньше срока, состояние идеальное, очень рад 👍",1
"Работает без нареканий, выглядит дорого, класс, спасибо",1
"Ужасное качество, сломался через неделю, деньги на ветер))",0
"Прекрасная вещь, упаковано аккуратно, доставка быстрая))",1
"Отличный товар, пришло быстро, всё работает как надо 👍",1
"Очень довольна покупкой, качество на высоте.",1
"Полный обман, на фото одно, пришло другое))",0
"Качество приятно удивило, лучше чем ожидала!",1
"Худшая покупка за год, полное разочарование.",0
"Очень довольна покупкой, качество на высоте!",1
"Всё понравилось, никаких проблем, магазину доверяю 👍",1
"Пришло битым, упаковка была вскрыта, кошмар, спасибо",0
"Рекомендую! Соответствует описанию, продавцу спасибо.",1
"Спасибо продавцу, всё быстро и качественно!",1
"За свою цену это лучшее что можно найти, доволен.",1
"Качество приятно удивило, лучше чем ожидала 👍",1
"Развалился на второй день, не покупайте это!",0
"Пришло раньше срока, состояние идеальное, очень рад, спасибо",1
"За свою цену это лучшее что можно найти, доволен 👎",1
"Отличное соотношение цены и качества, рекомендую!",1
"Пришло битым, упаковка была вскрыта, кошмар.",0
"Вроде неплохо, но перестало включаться, не советую, спасибо",0
"Пользуюсь неделю - всё супер, за эти деньги идеально ...",1
"За свою цену это лучшее что можно найти, доволен ...",1
"Верните средства, это невозможно использовать 👍",0
"Очень довольна покупкой, качество на высоте!",1
"Прекрасная вещь, упаковано аккуратно, доставка быстрая 👎",1
"Отвратительно, верните деньги, работать отказывается 👍",0
"Не советую, товар не соответствует описанию!",0
"Работает без нареканий, выглядит дорого, класс",1
"Долго ждал, а в итоге пришёл брак, очень зол!",0
"Прекрасная вещь, упаковано аккуратно, доставка быстрая))",1
"Работает без нареканий, выглядит дорого, класс!",1
"Полный обман, на фото одно, пришло другое))",0
"Абсолютно не стоит своих денег, брак сплошной))",0
"Очень довольна покупкой, качество на высоте.",1
"Отличный товар, пришло быстро, всё работает как надо.",1
"Замечательная покупка, всем советую этот магазин))",1
"Спасибо продавцу, всё быстро и качественно, жаль",1
"Пришло битым, упаковка была вскрыта, кошмар, жаль",0
"Товар шикарный, полностью оправдал ожидания",1
"Верните средства, это невозможно использовать 👍",0
"Качество приятно удивило, лучше чем ожидала, жаль",1
"Доставку ждал месяц, товар пришёл сломанным ...",0
"Рекомендую! Соответствует описанию, продавцу спасибо 👍",1
"Пришло раньше срока, состояние идеальное, очень рад",1
"Пользуюсь неделю - всё супер, за эти деньги идеально 👍",1
"Всё пришло целым, работает отлично, буду заказывать ещё!",1
"Замечательная покупка, всем советую этот магазин))",1
"Ничего хорошего, зря потратил время и деньги, спасибо",0
"Товар шикарный, полностью оправдал ожидания!",1
"Пришло раньше срока, состояние идеальное, очень рад))",1
"Отличный товар, пришло быстро, всё работает как надо))",1
"Отличное соотношение цены и качества, рекомендую, спасибо",1
"Отличный товар, пришло быстро, всё работает как надо",1
"Работает без нареканий, выглядит дорого, класс.",1
"Товар шикарный, полностью оправдал ожидания 👎",1
"Качество ужасное, дешёвый пластик, выбросил сразу, спасибо",0
"Всё пришло целым, работает отлично, буду заказывать ещё!",1
"Долго ждал, а в итоге пришёл брак, очень зол))",0
"Пользуюсь неделю - всё супер, за эти деньги идеально, спасибо",1
"Всё пришло целым, работает отлично, буду заказывать ещё 👎",1
"Пользуюсь неделю - всё супер, за эти деньги идеально 👎",1
"Рекомендую! Соответствует описанию, продавцу спасибо 👍",1
"Товар шикарный, полностью оправдал ожидания, жаль",1
"Рекомендую! Соответствует описанию, продавцу спасибо 👍",1
"Качество приятно удивило, лучше чем ожидала, спасибо",1
"Всё пришло целым, работает отлично, буду заказывать ещё, спасибо",1
"Всё пришло целым, работает отлично, буду заказывать ещё!",1
"Замечательная покупка, всем советую этот магазин))",1
"Качество ужасное, дешёвый пластик, выбросил сразу 👎",0
"Отличное соотношение цены и качества, рекомендую ...",1
"Товар шикарный, полностью оправдал ожидания!",1
"Товар шикарный, полностью оправдал ожидания!",1
"Спасибо продавцу, всё быстро и качественно.",1
"Отличный товар, пришло быстро, всё работает как надо.",1
"Прекрасная вещь, упаковано аккуратно, доставка быстрая.",1
"Ничего хорошего, зря потратил время и деньги, жаль",0
"Развалился на второй день, не покупайте это))",0
"Полный обман, на фото одно, пришло другое 👍",0
"Замечательная покупка, всем советую этот магазин, спасибо",1
"Ужасное качество, сломался через неделю, деньги на ветер))",0
"Отличный товар, пришло быстро, всё работает как надо, жаль",1
"Отвратительно, верните деньги, работать отказывается!",0
"Пришло раньше срока, состояние идеальное, очень рад))",1
"Качество приятно удивило, лучше чем ожидала.",1
"Пользуюсь неделю - всё супер, за эти деньги идеально 👍",1
"Замечательная покупка, всем советую этот магазин 👍",1
"Рекомендую! Соответствует описанию, продавцу спасибо 👎",1
"Рекомендую! Соответствует описанию, продавцу спасибо, спасибо",1
"Отличное соотношение цены и качества, рекомендую!",1
"Доставку ждал месяц, товар пришёл сломанным))",0
"Прекрасная вещь, упаковано аккуратно, доставка быстрая, спасибо",1
"Всё пришло целым, работает отлично, буду заказывать ещё, жаль",1
"Пользуюсь неделю - всё супер, за эти деньги идеально!",1
"Долго шло, но качество отличное, в итоге довольна ...",1
"Всё пришло целым, работает отлично, буду заказывать ещё 👍",1
"Работает без нареканий, выглядит дорого, класс, спасибо",1
"Рекомендую! Соответствует описанию, продавцу спасибо, жаль",1
"Пожалел что купил, деньги потрачены зря 👍",0
"Всё пришло целым, работает отлично, буду заказывать ещё))",1
"Работает без нареканий, выглядит дорого, класс ...",1
"Отличный товар, пришло быстро, всё работает как надо))",1
"Ужасное качество, сломался через неделю, деньги на ветер 👎",0
"Отличный товар, пришло быстро, всё работает как надо.",1
"Пользуюсь неделю - всё супер, за эти деньги идеально!",1
"Пришло раньше срока, состояние идеальное, очень рад!",1
"Прекрасная вещь, упаковано аккуратно, доставка быстрая, жаль",1
"Качество ужасное, дешёвый пластик, выбросил сразу))",0
"Всё понравилось, никаких проблем, магазину доверяю 👎",1
"Всё понравилось, никаких проблем, магазину доверяю",1
"Отличный товар, пришло быстро, всё работает как надо))",1
"Пользуюсь неделю - всё супер, за эти деньги идеально!",1
"Пришло битым, упаковка была вскрыта, кошмар!",0
"Пришло раньше срока, состояние идеальное, очень рад.",1
"Худшая покупка за год, полное разочарование ...",0
"Качество ужасное, дешёвый пластик, выбросил сразу 👍",0
"Качество приятно удивило, лучше чем ожидала ...",1
"Ужасная упаковка, коробка мятая - зато сам чайник шикарный, беру второй 👎",1
"Отвратительно, верните деньги, работать отказывается, спасибо",0
"Очень довольна покупкой, качество на высоте ...",1
"Рекомендую! Соответствует описанию, продавцу спасибо 👎",1
"Спасибо продавцу, всё быстро и качественно",1
"За свою цену это лучшее что можно найти, доволен",1
"Развалился на второй день, не покупайте это 👍",0
"Качество приятно удивило, лучше чем ожидала.",1
"Работает без нареканий, выглядит дорого, класс",1
"Очень довольна покупкой, качество на высоте))",1
"Качество ужасное, дешёвый пластик, выбросил сразу))",0
"За свою цену это лучшее что можно найти, доволен.",1
"За свою цену это лучшее что можно найти, доволен))",1
"Очень довольна покупкой, качество на высоте ...",1
"Качество приятно удивило, лучше чем ожидала 👍",1
"Отличное соотношение цены и качества, рекомендую ...",1
"За свою цену это лучшее что можно найти, доволен ...",1
"Товар шикарный, полностью оправдал ожидания, спасибо",1
"Отличное соотношение цены и качества, рекомендую, жаль",1
"Замечательная покупка, всем советую этот магазин.",1
"Рекомендую! Соответствует описанию, продавцу спасибо",1
"Отличный товар, пришло быстро, всё работает как надо, жаль",1
"Отличный товар, пришло быстро, всё работает как надо.",1
"Прекрасная вещь, упаковано аккуратно, доставка быстрая ...",1
"Замечательная покупка, всем советую этот магазин, жаль",1
"Абсолютно не стоит своих денег, брак сплошной ...",0
"Товар шикарный, полностью оправдал ожидания.",1
"Товар шикарный, полностью оправдал ожидания, жаль",1
"Пришло раньше срока, состояние идеальное, очень рад.",1
"Верните средства, это невозможно использовать 👍",0
"Замечательная покупка, всем советую этот магазин))",1
"За свою цену это лучшее что можно найти, доволен))",1
"Качество приятно удивило, лучше чем ожидала ...",1
"Долго ждал, а в итоге пришёл брак, очень зол 👍",0
"Товар шикарный, полностью оправдал ожидания",1
"Пришло битым, упаковка была вскрыта, кошмар, жаль",0
"Ужасная упаковка, коробка мятая - зато сам чайник шикарный, беру второй, спасибо",1
"Пользуюсь неделю - всё супер, за эти деньги идеально))",1
"Отличное соотношение цены и качества, рекомендую ...",1
"За свою цену это лучшее что можно найти, доволен, спасибо",1
"За свою цену это лучшее что можно найти, доволен))",1
"Работает без нареканий, выглядит дорого, класс))",1
"Прекрасная вещь, упаковано аккуратно, доставка быстрая 👍",1
"Доставку ждал месяц, товар пришёл сломанным",0
"Всё понравилось, никаких проблем, магазину доверяю, спасибо",1
"Спасибо продавцу, всё быстро и качественно 👍",1
"Всё понравилось, никаких проблем, магазину доверяю, жаль",1
"Всё понравилось, никаких проблем, магазину доверяю))",1
"Рекомендую! Соответствует описанию, продавцу спасибо.",1
"Пришло раньше срока, состояние идеальное, очень рад",1
"Спасибо продавцу, всё быстро и качественно, спасибо",1
"Очень довольна покупкой, качество на высоте 👎",1
"Пользуюсь неделю - всё супер, за эти деньги идеально.",1
"Очень довольна покупкой, качество на высоте.",1
"Пожалел что купил, деньги потрачены зря 👎",0
"Всё понравилось, никаких проблем, магазину доверяю!",1
"Рекомендую! Соответствует описанию, продавцу спасибо.",1
"Работает без нареканий, выглядит дорого, класс.",1
"Прекрасная вещь, упаковано аккуратно, доставка быстрая))",1
"Не работает совсем, продавец не отвечает, ужас 👎",0
"Очень довольна покупкой, качество на высоте 👍",1
"Пришло раньше срока, состояние идеальное, очень рад))",1
"Замечательная покупка, всем советую этот магазин, жаль",1
"Верните средства, это невозможно использовать!",0
"Качество приятно удивило, лучше чем ожидала.",1
"Товар шикарный, полностью оправдал ожидания 👎",1
"Верните средства, это невозможно использовать))",0
"Всё понравилось, никаких проблем, магазину доверяю",1
"Спасибо продавцу, всё быстро и качественно!",1
"Прекрасная вещь, упаковано аккуратно, доставка быстрая",1
"Прекрасная вещь, упаковано аккуратно, доставка быстрая 👎",1
"Отличное соотношение цены и качества, рекомендую ...",1
"Всё понравилось, никаких проблем, магазину доверяю",1
"Очень довольна покупкой, качество на высоте))",1
"Доставку ждал месяц, товар пришёл сломанным, спасибо",0
"Качество приятно удивило, лучше чем ожидала, спасибо",1
"Замечательная покупка, всем советую этот магазин.",1
"За свою цену это лучшее что можно найти, доволен ...",1
"Прекрасная вещь, упаковано аккуратно, доставка быстрая))",1
"Пришло раньше срока, состояние идеальное, очень рад, жаль",1
"Спасибо продавцу, всё быстро и качественно))",1
"Доставку ждал месяц, товар пришёл сломанным, спасибо",0
"Спасибо продавцу, всё быстро и качественно 👎",1
"Очень довольна покупкой, качество на высоте, жаль",1
"Качество приятно удивило, лучше чем ожидала",1
"Всё понравилось, никаких проблем, магазину доверяю, жаль",1
"За свою цену это лучшее что можно найти, доволен, спасибо",1
"Всё пришло целым, работает отлично, буду заказывать ещё))",1
"Пришло раньше срока, состояние идеальное, очень рад))",1
"Всё понравилось, никаких проблем, магазину доверяю",1
"Замечательная покупка, всем советую этот магазин ...",1
"Качество приятно удивило, лучше чем ожидала 👎",1
"Пожалел что купил, деньги потрачены зря))",0
"За свою цену это лучшее что можно найти, доволен.",1
"Отличное соотношение цены и качества, рекомендую ...",1
"Прекрасная вещь, упаковано аккуратно, доставка быстрая 👎",1
"Ужасное качество, сломался через неделю, деньги на ветер, жаль",0
"Замечательная покупка, всем советую этот магазин, спасибо",1
"Пришло раньше срока, состояние идеальное, очень рад, спасибо",1
"Всё пришло целым, работает отлично, буду заказывать ещё ...",1
"Спасибо продавцу, всё быстро и качественно))",1
"Пользуюсь неделю - всё супер, за эти деньги идеально 👎",1
"Верните средства, это невозможно использовать.",0
"Пожалел что купил, деньги потрачены зря.",0
"Полный обман, на фото одно, пришло другое))",0
"Долго шло, но качество отличное, в итоге довольна ...",1
"Пришло битым, упаковка была вскрыта, кошмар 👎",0
"Ужасное качество, сломался через неделю, деньги на ветер!",0
"Пришло битым, упаковка была вскрыта, кошмар!",0
"Качество приятно удивило, лучше чем ожидала, жаль",1
"Ужасное качество, сломался через неделю, деньги на ветер))",0
"Работает без нареканий, выглядит дорого, класс 👍",1
"Ужасное качество, сломался через неделю, деньги на ветер))",0
"Очень довольна покупкой, качество на высоте",1
"Отличный товар, пришло быстро, всё работает как надо",1
"Отличный товар, пришло быстро, всё работает как надо!",1
"Работает без нареканий, выглядит дорого, класс.",1
"Рекомендую! Соответствует описанию, продавцу спасибо, жаль",1
"Работает без нареканий, выглядит дорого, класс))",1
"Не советую, товар не соответствует описанию 👍",0
"Очень довольна покупкой, качество на высоте 👎",1
"Всё понравилось, никаких проблем, магазину доверяю, жаль",1
"Пришло битым, упаковка была вскрыта, кошмар 👍",0
"Прекрасная вещь, упаковано аккуратно, доставка быстрая",1
"За свою цену это лучшее что можно найти, доволен",1
"Пользуюсь неделю - всё супер, за эти деньги идеально ...",1
"Худшая покупка за год, полное разочарование!",0
"Пользуюсь неделю - всё супер, за эти деньги идеально 👎",1
"Рекомендую! Соответствует описанию, продавцу спасибо))",1
"За свою цену это лучшее что можно найти, доволен ...",1
"Пользуюсь неделю - всё супер, за эти деньги идеально, спасибо",1
"Замечательная покупка, всем советую этот магазин 👎",1
"За свою цену это лучшее что можно найти, доволен.",1
"Всё пришло целым, работает отлично, буду заказывать ещё.",1
"Не советую, товар не соответствует описанию 👎",0
"Худшая покупка за год, полное разочарование",0
"Пришло раньше срока, состояние идеальное, очень рад, жаль",1
"Очень довольна покупкой, качество на высоте 👍",1
"Ничего хорошего, зря потратил время и деньги",0
"Долго шло, но качество отличное, в итоге довольна 👍",1
"Товар шикарный, полностью оправдал ожидания, жаль",1
"Отличный товар, пришло быстро, всё работает как надо))",1
"Отличное соотношение цены и качества, рекомендую",1
"Замечательная покупка, всем советую этот магазин))",1
"Качество приятно удивило, лучше чем ожидала 👍",1
"Худшая покупка за год, полное разочарование 👎",0
"Отвратительно, верните деньги, работать отказывается 👍",0
"Замечательная покупка, всем советую этот магазин ...",1
"Развалился на второй день, не покупайте это ...",0
"Отличное соотношение цены и качества, рекомендую))",1
"Пришло раньше срока, состояние идеальное, очень рад.",1
"Отличное соотношение цены и качества, рекомендую 👍",1
"Не работает совсем, продавец не отвечает, ужас ...",0
"Прекрасная вещь, упаковано аккуратно, доставка быстрая!",1
"Работает без нареканий, выглядит дорого, класс!",1
"Спасибо продавцу, всё быстро и качественно.",1
"Рекомендую! Соответствует описанию, продавцу спасибо.",1
"Товар шикарный, полностью оправдал ожидания, жаль",1
"Отвратительно, верните деньги, работать отказывается",0
"За свою цену это лучшее что можно найти, доволен 👎",1
"Работает без нареканий, выглядит дорого, класс))",1
"Всё пришло целым, работает отлично, буду заказывать ещё, жаль",1
"Качество приятно удивило, лучше чем ожидала ...",1
"Всё понравилось, никаких проблем, магазину доверяю, жаль",1
"Долго ждал, а в итоге пришёл брак, очень зол",0
"Не работает совсем, продавец не отвечает, ужас 👎",0
"Спасибо продавцу, всё быстро и качественно, спасибо",1
"Отличное соотношение цены и качества, рекомендую, спасибо",1
"Долго ждал, а в итоге пришёл брак, очень зол.",0
"Работает без нареканий, выглядит дорого, класс, спасибо",1
"Всё понравилось, никаких проблем, магазину доверяю",1
"Очень довольна покупкой, качество на высоте ...",1
"Качество ужасное, дешёвый пластик, выбросил сразу 👎",0
"Работает без нареканий, выглядит дорого, класс, жаль",1
"За свою цену это лучшее что можно найти, доволен ...",1
"Товар шикарный, полностью оправдал ожидания",1
"Доставку ждал месяц, товар пришёл сломанным!",0
"Отличное соотношение цены и качества, рекомендую!",1
"Верните средства, это невозможно использовать 👎",0
"Абсолютно не стоит своих денег, брак сплошной.",0
"Спасибо продавцу, всё быстро и качественно.",1
"Пользуюсь неделю - всё супер, за эти деньги идеально, жаль",1
"Качество ужасное, дешёвый пластик, выбросил сразу",0
"Отличный товар, пришло быстро, всё работает как надо",1
"Спасибо продавцу, всё быстро и качественно.",1
"Всё пришло целым, работает отлично, буду заказывать ещё 👍",1
"Всё пришло целым, работает отлично, буду заказывать ещё ...",1
"Отличный товар, пришло быстро, всё работает как надо, жаль",1
"Не работает совсем, продавец не отвечает, ужас 👍",0
"Замечательная покупка, всем советую этот магазин, жаль",1
"Работает без нареканий, выглядит дорого, класс, жаль",1
"Рекомендую! Соответствует описанию, продавцу спасибо ...",1
"Пользуюсь неделю - всё супер, за эти деньги идеально))",1
"Всё пришло целым, работает отлично, буду заказывать ещё.",1
"Полный обман, на фото одно, пришло другое.",0
"Пожалел что купил, деньги потрачены зря ...",0
"Работает без нареканий, выглядит дорого, класс, жаль",1
"Всё пришло целым, работает отлично, буду заказывать ещё",1
"Спасибо продавцу, всё быстро и качественно, жаль",1
"Пришло раньше срока, состояние идеальное, очень рад))",1
"Спасибо продавцу, всё быстро и качественно, жаль",1
"Ничего хорошего, зря потратил время и деньги, жаль",0
"Пришло быстро, но лучше бы не приходило))",0
"Пришло раньше срока, состояние идеальное, очень рад",1
"Товар шикарный, полностью оправдал ожидания 👍",1
"Рекомендую! Соответствует описанию, продавцу спасибо 👎",1
"Спасибо продавцу, всё быстро и качественно 👍",1
"Очень довольна покупкой, качество на высоте, спасибо",1
"Доставку ждал месяц, товар пришёл сломанным!",0
"Всё пришло целым, работает отлично, буду заказывать ещё, жаль",1
"Отличное соотношение цены и качества, рекомендую 👍",1
"Качество приятно удивило, лучше чем ожидала ...",1
"Пользуюсь неделю - всё супер, за эти деньги идеально.",1
"Очень довольна покупкой, качество на высоте))",1
"Замечательная покупка, всем советую этот магазин 👎",1
"Абсолютно не стоит своих денег, брак сплошной",0
"Отличное соотношение цены и качества, рекомендую, спасибо",1
"Отличное соотношение цены и качества, рекомендую, спасибо",1
"Товар шикарный, полностью оправдал ожидания))",1
"Худшая покупка за год, полное разочарование, жаль",0
"Товар шикарный, полностью оправдал ожидания 👍",1
"Отличный товар, пришло быстро, всё работает как надо",1
"Товар шикарный, полностью оправдал ожидания, жаль",1
"Всё пришло целым, работает отлично, буду заказывать ещё!",1
"Пользуюсь неделю - всё супер, за эти деньги идеально))",1
"Замечательная покупка, всем советую этот магазин",1
